TIMESTAMP,power_pred,power_medfilt_pred,power_ewm_7_pred,power_ewm_3_pred,power
2024-07-04 06:00:00,14.79206,15.614747,19.750816,16.337097,32.9211
2024-07-04 06:15:00,18.3643,13.568281,16.447378,18.560871,29.4662
2024-07-04 06:30:00,14.566948,17.090185,18.667934,16.74044,26.8657
2024-07-04 06:45:00,16.365398,19.956974,14.213902,20.05072,27.8239
2024-07-04 07:00:00,13.563071,14.714031,11.120288,22.172138,42.6055
2024-07-04 07:15:00,18.746336,16.725582,14.736934,17.495468,37.5311
2024-07-04 07:30:00,20.136316,18.01346,15.399648,15.586138,36.9129
2024-07-04 07:45:00,15.241121,18.288208,16.118286,17.535835,38.5547
2024-07-04 08:00:00,22.055197,17.387552,19.979206,18.936783,38.5598
2024-07-04 08:15:00,20.883936,14.808237,19.46774,21.314964,23.8522
2024-07-04 08:30:00,16.66567,17.635164,22.823973,21.248102,15.6729
2024-07-04 08:45:00,21.932203,18.426968,20.0105,18.997774,15.2711
2024-07-04 09:00:00,23.560379,23.092878,20.949257,23.21288,10.2832
2024-07-04 09:15:00,21.598104,17.937927,24.778156,26.357212,10.1798
2024-07-04 09:30:00,20.336601,21.865648,28.414986,26.210182,16.0772
2024-07-04 09:45:00,28.422606,22.551363,26.787025,22.638083,11.1644
2024-07-04 10:00:00,8.019944,8.455022,10.929299,8.949384,5.49642
2024-07-04 10:15:00,13.779407,11.8710985,11.5461035,10.001302,9.53238
2024-07-04 10:30:00,12.104531,10.644927,15.48679,13.927385,73.8981
2024-07-04 10:45:00,13.651763,14.573827,10.878219,14.065653,21.5104
2024-07-04 11:00:00,14.31029,12.098923,13.52763,14.927164,57.3932
2024-07-04 11:15:00,16.844172,14.505922,11.944665,12.721419,82.3148
2024-07-04 11:30:00,18.521328,17.280159,13.417704,12.19067,27.571
2024-07-04 11:45:00,16.929153,15.302135,16.998886,12.083486,26.8713
2024-07-04 12:00:00,21.030817,14.629095,20.585848,14.6413145,23.4501
2024-07-04 12:15:00,20.876455,16.057892,22.471188,17.3074,22.8182
2024-07-04 12:30:00,20.54039,19.663452,24.92862,18.551916,26.6754
2024-07-04 12:45:00,23.675251,22.251694,23.001066,20.091326,46.0131
2024-07-04 13:00:00,23.665142,23.706219,28.463951,24.763569,38.3886
2024-07-04 13:15:00,27.253267,23.136122,27.379108,27.04981,32.7909
2024-07-04 13:30:00,25.356415,28.747452,30.311613,29.241621,13.5211
2024-07-04 13:45:00,30.114573,27.50889,32.52139,24.555155,14.8475
2024-07-04 14:00:00,11.951674,13.092458,13.683153,12.318746,33.1793
2024-07-04 14:15:00,16.186136,14.020516,16.74707,13.224781,13.5893
2024-07-04 14:30:00,16.470987,13.445585,19.572987,16.160355,19.6332
2024-07-04 14:45:00,19.119684,19.612505,16.167877,16.79766,24.9741
2024-07-04 15:00:00,20.55626,18.8539,17.586468,19.479736,36.0779
2024-07-04 15:15:00,22.459108,21.23612,19.744514,19.503609,29.8815
2024-07-04 15:30:00,25.103432,23.401125,19.37778,20.004616,35.8227
2024-07-04 15:45:00,23.921047,21.693048,23.3528,18.512815,
2024-07-04 16:00:00,28.65966,23.920675,28.65376,21.494255,
2024-07-04 16:15:00,28.969627,25.47547,31.015163,25.600716,
2024-07-04 16:30:00,30.151625,29.620832,33.454247,25.671013,
2024-07-04 16:45:00,31.222168,31.089424,32.425037,28.918348,
2024-07-04 17:00:00,35.31734,32.675907,36.909683,33.487396,
2024-07-04 17:15:00,39.15365,34.121662,37.773064,35.661392,
2024-07-04 17:30:00,36.15306,39.516277,39.096252,37.69657,
2024-07-04 17:45:00,42.271103,38.77986,41.321495,36.87092,
2024-07-04 18:00:00,10.940676,11.141627,13.334809,11.61316,
2024-07-04 18:15:00,16.53819,14.038741,16.642166,13.312637,
2024-07-04 18:30:00,14.670436,13.005852,17.938984,17.378197,
2024-07-04 18:45:00,16.709764,16.211926,13.47856,16.37806,
2024-07-04 19:00:00,17.9828,16.175999,14.727293,19.804731,
2024-07-04 19:15:00,18.854324,18.153814,17.495153,17.123848,
2024-07-04 19:30:00,19.442442,18.085672,16.453472,15.425503,
2024-07-04 19:45:00,17.110157,16.687704,17.872988,15.893966,
2024-07-04 20:00:00,22.239243,18.759308,24.879736,16.731783,
2024-07-04 20:15:00,22.957918,20.338428,24.860373,18.271967,
2024-07-04 20:30:00,23.730715,21.679443,25.845749,18.671318,
2024-07-04 20:45:00,24.873789,22.690912,25.343334,22.908718,
2024-07-04 21:00:00,25.91018,24.257904,29.178043,25.84149,
2024-07-04 21:15:00,27.80645,23.447147,28.623795,27.93166,
2024-07-04 21:30:00,27.623344,28.366035,30.346935,28.549858,
2024-07-04 21:45:00,30.758287,28.574673,31.0681,26.524343,
2024-07-04 22:00:00,7.212092,6.108208,10.129315,6.198928,
2024-07-04 22:15:00,14.495601,10.68665,10.30126,9.384335,
2024-07-04 22:30:00,9.903332,10.182231,13.754381,14.980987,
2024-07-04 22:45:00,11.829604,12.634366,7.895736,11.540145,
2024-07-04 23:00:00,14.95475,11.020466,12.816398,14.6767645,
2024-07-04 23:15:00,13.666411,14.267533,11.60763,9.955168,
2024-07-04 23:30:00,14.305536,13.613104,13.391835,9.211391,
2024-07-04 23:45:00,12.562891,11.661901,12.914611,10.852918,
2024-07-05 00:00:00,19.16862,13.005524,19.081844,10.189504,
2024-07-05 00:15:00,18.128681,16.784517,19.834486,11.911511,
2024-07-05 00:30:00,18.431667,14.903232,21.015165,14.203996,
2024-07-05 00:45:00,20.928312,17.534,19.164158,17.749428,
2024-07-05 01:00:00,19.488234,19.388166,25.010704,21.639555,
2024-07-05 01:15:00,19.33873,17.005188,22.429733,23.65189,
2024-07-05 01:30:00,22.285614,21.618885,25.27105,24.152502,
2024-07-05 01:45:00,23.767088,23.20481,27.074492,18.60395,
2024-07-05 02:00:00,16.851116,11.901005,17.672745,18.35689,
2024-07-05 02:15:00,19.237179,17.036064,15.840558,17.273739,
2024-07-05 02:30:00,18.74729,17.214848,19.166304,24.43099,
2024-07-05 02:45:00,17.45579,19.599615,12.844605,19.657597,
2024-07-05 03:00:00,20.4856,16.386179,17.06664,22.156567,
2024-07-05 03:15:00,17.108877,21.3771,13.89247,15.680149,
2024-07-05 03:30:00,19.58095,16.235231,18.466337,16.434372,
2024-07-05 03:45:00,16.35762,14.47983,14.775766,15.377209,
2024-07-05 04:00:00,22.1929,17.43671,22.166056,13.743654,
2024-07-05 04:15:00,20.359148,17.429096,20.903214,14.9097595,
2024-07-05 04:30:00,19.392792,14.592274,24.215345,15.218526,
2024-07-05 04:45:00,20.480442,18.341629,20.40848,22.456408,
2024-07-05 05:00:00,19.044209,22.25603,24.27256,23.177498,
2024-07-05 05:15:00,14.953663,18.119051,22.285103,26.994736,
2024-07-05 05:30:00,24.895649,19.62003,22.848202,25.010363,
2024-07-05 05:45:00,22.510473,22.09243,28.69512,15.933931,
2024-07-05 06:00:00,4.434411,4.123582,7.6723385,7.5686426,
2024-07-05 06:15:00,7.758398,6.154521,8.557765,7.234022,
2024-07-05 06:30:00,7.2745423,6.4604864,9.969054,10.5122175,
2024-07-05 06:45:00,7.61037,9.819164,5.495219,10.617599,
2024-07-05 07:00:00,6.1145763,6.311445,5.1456976,11.879042,
2024-07-05 07:15:00,8.163874,7.7260866,4.7534394,7.5547247,
2024-07-05 07:30:00,10.64599,8.081793,7.260828,7.451847,
2024-07-05 07:45:00,7.3046727,7.6037035,7.7727723,6.095022,
2024-07-05 08:00:00,11.263241,7.572754,13.117565,6.9743247,
2024-07-05 08:15:00,10.402833,5.672543,9.359656,8.786022,
2024-07-05 08:30:00,7.4326587,7.3455706,14.400003,8.799374,
2024-07-05 08:45:00,12.71153,10.788872,11.731593,9.7069,
2024-07-05 09:00:00,10.210697,14.167591,13.628332,12.479067,
2024-07-05 09:15:00,10.851761,10.087325,14.829976,16.151861,
2024-07-05 09:30:00,12.850051,13.004124,17.22209,15.8517065,
2024-07-05 09:45:00,14.542897,12.941106,19.32378,10.788187,
2024-07-05 10:00:00,5.5578394,5.1373377,7.71053,5.306959,
2024-07-05 10:15:00,8.733307,7.661103,9.252546,7.716432,
2024-07-05 10:30:00,8.73745,7.317333,11.838643,9.233609,
2024-07-05 10:45:00,10.926564,11.105939,8.276848,10.133892,
2024-07-05 11:00:00,9.63432,8.71542,7.728277,12.500704,
2024-07-05 11:15:00,11.178915,9.577258,7.779597,9.521469,
2024-07-05 11:30:00,13.137465,11.665239,10.200364,9.720892,
2024-07-05 11:45:00,12.139102,10.514631,11.729418,8.453742,
2024-07-05 12:00:00,15.695933,12.590229,16.78556,9.761736,
2024-07-05 12:15:00,14.026781,11.211648,13.703255,12.920141,
2024-07-05 12:30:00,11.621122,12.372493,18.362207,13.25947,
2024-07-05 12:45:00,17.663929,16.02502,16.752495,13.311222,
2024-07-05 13:00:00,16.729433,19.058687,19.510298,17.88196,
2024-07-05 13:15:00,18.52547,16.219032,20.485056,20.883904,
2024-07-05 13:30:00,17.137293,20.230574,22.757141,21.00785,
2024-07-05 13:45:00,21.840115,19.743515,23.772886,17.942682,
2024-07-05 14:00:00,18.849213,18.625465,18.659515,15.425846,
2024-07-05 14:15:00,21.103355,20.014671,20.638672,19.869715,
2024-07-05 14:30:00,21.220167,20.00728,24.353964,19.552008,
2024-07-05 14:45:00,25.05156,24.406528,22.205948,21.152273,
2024-07-05 15:00:00,24.59727,23.019073,21.045803,25.293797,
2024-07-05 15:15:00,26.447933,23.81887,23.634544,24.873138,
2024-07-05 15:30:00,27.59253,26.78076,25.835743,24.523363,
2024-07-05 15:45:00,28.53303,26.275335,27.04314,23.208208,
2024-07-05 16:00:00,31.691011,30.360802,32.6702,25.74846,
2024-07-05 16:15:00,30.090738,30.338732,30.411741,29.9856,
2024-07-05 16:30:00,29.741865,31.172974,34.150578,29.592745,
2024-07-05 16:45:00,35.894634,34.371033,34.694298,30.545935,
2024-07-05 17:00:00,37.46925,36.892017,36.603382,34.915596,
2024-07-05 17:15:00,40.282974,36.49238,39.105907,38.356373,
2024-07-05 17:30:00,36.493774,40.849068,42.029514,38.79605,
2024-07-05 17:45:00,42.94653,40.059425,41.60405,38.969673,
2024-07-05 18:00:00,32.7765,31.18006,31.952076,31.037926,
2024-07-05 18:15:00,32.38963,31.416595,32.75904,34.042248,
2024-07-05 18:30:00,31.826187,32.51523,35.9956,32.817467,
2024-07-05 18:45:00,34.56836,35.030552,32.528423,35.011627,
2024-07-05 19:00:00,33.031193,32.098495,30.368423,37.014225,
2024-07-05 19:15:00,34.878548,32.922863,32.268585,35.75884,
2024-07-05 19:30:00,35.746616,34.45027,33.3761,34.49221,
2024-07-05 19:45:00,33.587036,34.415268,33.86964,32.488876,
2024-07-05 20:00:00,36.55509,36.090286,37.97219,34.508297,
2024-07-05 20:15:00,34.758495,34.73223,34.308075,37.016445,
2024-07-05 20:30:00,33.894855,35.148144,37.34502,35.58982,
2024-07-05 20:45:00,39.381275,37.219124,37.638897,35.76804,
2024-07-05 21:00:00,39.21761,40.022263,38.603962,38.234516,
2024-07-05 21:15:00,40.278698,38.179764,40.5607,41.18981,
2024-07-05 21:30:00,38.890335,40.856384,42.483093,40.79588,
2024-07-05 21:45:00,42.69551,39.961735,42.56401,39.444237,
2024-07-05 22:00:00,12.910818,12.029155,14.972819,15.527964,
2024-07-05 22:15:00,14.367436,13.051315,15.135302,15.530467,
2024-07-05 22:30:00,13.538604,13.828381,17.18567,17.675966,
2024-07-05 22:45:00,13.594572,16.229866,11.504127,17.815546,
2024-07-05 23:00:00,11.943255,12.199669,11.473415,18.141895,
2024-07-05 23:15:00,13.782193,13.20277,10.139806,14.078527,
2024-07-05 23:30:00,15.916903,13.032331,12.256397,13.953686,
2024-07-05 23:45:00,11.563783,12.731924,12.784837,11.773273,
2024-07-06 00:00:00,15.065734,12.050434,16.8391,12.3693495,
2024-07-06 00:15:00,13.500785,10.225399,11.871798,13.8687935,
2024-07-06 00:30:00,10.181938,10.983407,16.784874,13.045147,
2024-07-06 00:45:00,16.301605,13.054892,14.423652,13.491943,
2024-07-06 01:00:00,12.610336,16.944853,15.816747,15.823349,
2024-07-06 01:15:00,12.476971,12.427225,16.992434,18.387392,
2024-07-06 01:30:00,14.520531,14.576762,18.354652,17.655447,
2024-07-06 01:45:00,15.890885,14.738991,20.227177,12.692019,
2024-07-06 02:00:00,3.2780511,2.2582996,5.490108,5.2970796,
2024-07-06 02:15:00,5.3512645,3.9051015,6.1027393,5.5311623,
2024-07-06 02:30:00,4.5760465,4.432051,7.7112155,8.595347,
2024-07-06 02:45:00,4.445006,7.015957,2.982302,8.305356,
2024-07-06 03:00:00,3.1904025,3.1856139,3.368972,8.206903,
2024-07-06 03:15:00,5.250384,4.615276,1.6098602,3.9770305,
2024-07-06 03:30:00,6.9053216,4.349573,3.776638,4.8666596,
2024-07-06 03:45:00,3.1651301,3.7490268,4.3048396,2.9338896,
2024-07-06 04:00:00,6.8610053,3.377794,8.414073,2.7727485,
2024-07-06 04:15:00,5.7789726,1.7205912,4.37869,4.9004107,
2024-07-06 04:30:00,1.7625434,3.2848258,9.07947,4.5424404,
2024-07-06 04:45:00,7.8730035,4.969655,5.9768095,4.8543067,
2024-07-06 05:00:00,4.6522064,8.748575,8.392943,7.964566,
2024-07-06 05:15:00,4.170273,4.182263,9.004621,10.6184635,
2024-07-06 05:30:00,6.7356124,7.2757735,10.994612,9.807333,
2024-07-06 05:45:00,8.977791,7.0733714,12.644363,4.6256633,
2024-07-06 06:00:00,0.0,0.0,1.7881377,2.3524613,
2024-07-06 06:15:00,1.2571259,0.0,2.7062728,1.1114777,
2024-07-06 06:30:00,0.6246013,0.5701023,4.4643717,5.3860545,
2024-07-06 06:45:00,0.27355978,3.3187556,0.0,5.204782,
2024-07-06 07:00:00,0.0,0.0,0.0,4.542425,
2024-07-06 07:15:00,1.0048492,1.0852206,0.0,0.0,
2024-07-06 07:30:00,2.7925415,0.27622163,0.0,0.9633452,
2024-07-06 07:45:00,0.0,0.4450071,0.0,0.0,
2024-07-06 08:00:00,3.879745,0.0,4.7969356,0.0,
2024-07-06 08:15:00,1.7024918,0.0,0.29799184,0.296563,
2024-07-06 08:30:00,0.0,0.0,6.2714505,0.5526692,
2024-07-06 08:45:00,3.7058485,0.8334207,2.16697,1.4353545,
2024-07-06 09:00:00,0.5217386,4.911943,5.436628,4.457593,
2024-07-06 09:15:00,0.0,0.048338167,4.7246504,7.284537,
2024-07-06 09:30:00,3.6761506,3.2971342,7.8298283,5.709529,
2024-07-06 09:45:00,4.9660697,2.7409036,10.360493,0.06876894,
2024-07-06 10:00:00,0.0,0.0,0.0,0.0,
2024-07-06 10:15:00,0.0,0.0,0.0,0.0,
2024-07-06 10:30:00,0.0,0.0,0.40820083,0.8478016,
2024-07-06 10:45:00,0.0,0.0,0.0,1.0134877,
2024-07-06 11:00:00,0.0,0.0,0.0,0.45894095,
2024-07-06 11:15:00,0.0,0.0,0.0,0.0,
2024-07-06 11:30:00,0.0,0.0,0.0,0.0,
2024-07-06 11:45:00,0.0,0.0,0.0,0.0,
2024-07-06 12:00:00,1.7535282,0.0,2.743049,0.0,
2024-07-06 12:15:00,0.0,0.0,0.0,0.0,
2024-07-06 12:30:00,0.0,0.0,4.5542407,0.0,
2024-07-06 12:45:00,1.6582353,0.0,0.46320102,0.0,
2024-07-06 13:00:00,0.0,3.5310228,4.9213605,3.1412392,
2024-07-06 13:15:00,0.0,0.0,2.9682798,5.9768705,
2024-07-06 13:30:00,2.8837962,2.5128562,6.9419727,5.0845,
2024-07-06 13:45:00,5.0962462,2.162232,10.074882,0.0,
2024-07-06 14:00:00,5.984087,4.051684,7.2162585,3.8141608,
2024-07-06 14:15:00,7.2000813,5.8528023,9.339972,7.513136,
2024-07-06 14:30:00,8.024488,7.7790155,11.121316,9.311095,
2024-07-06 14:45:00,10.8977,10.44762,9.230672,10.693044,
2024-07-06 15:00:00,10.466297,8.029266,8.830977,12.122929,
2024-07-06 15:15:00,12.311434,9.058146,8.4139385,8.730456,
2024-07-06 15:30:00,12.119879,11.138438,10.25608,9.650096,
2024-07-06 15:45:00,11.4733925,11.657759,11.920987,8.159235,
2024-07-06 16:00:00,16.315508,13.95668,17.505674,9.067103,
2024-07-06 16:15:00,14.660482,12.53575,13.828305,12.959778,
2024-07-06 16:30:00,12.686332,13.541281,18.10932,13.744995,
2024-07-06 16:45:00,19.115393,16.583887,17.645685,13.593644,
2024-07-06 17:00:00,17.293531,21.024508,21.066172,18.942148,
2024-07-06 17:15:00,19.527231,17.598433,21.162374,22.159904,
2024-07-06 17:30:00,19.230787,23.322096,24.21294,22.033468,
2024-07-06 17:45:00,23.332302,22.085442,25.942965,19.848764,
2024-07-06 18:00:00,14.518698,13.840019,15.224038,11.994749,
2024-07-06 18:15:00,16.340021,14.450639,16.838787,16.308605,
2024-07-06 18:30:00,16.388823,16.018717,19.224075,16.858265,
2024-07-06 18:45:00,19.48202,19.162773,17.487106,18.219904,
2024-07-06 19:00:00,19.451817,16.903742,16.495316,20.769522,
2024-07-06 19:15:00,21.09513,17.995356,17.640142,19.055813,
2024-07-06 19:30:00,21.027956,20.330263,19.701881,18.508091,
2024-07-06 19:45:00,21.505106,20.674078,20.854248,17.522781,
2024-07-06 20:00:00,25.452677,23.600256,26.472105,19.124582,
2024-07-06 20:15:00,23.723137,22.933825,23.462427,22.814095,
2024-07-06 20:30:00,22.55698,23.603558,26.928274,23.143492,
2024-07-06 20:45:00,29.025805,26.595703,27.344664,23.538187,
2024-07-06 21:00:00,28.387602,30.13124,29.33613,28.018267,
2024-07-06 21:15:00,31.118843,28.126015,31.115448,31.742311,
2024-07-06 21:30:00,29.127625,33.206,34.265915,31.399689,
2024-07-06 21:45:00,33.639538,31.96787,34.5281,30.709415,
2024-07-06 22:00:00,8.0794735,6.8590775,10.235993,9.680301,
2024-07-06 22:15:00,9.39331,7.934018,11.132641,10.188282,
2024-07-06 22:30:00,9.689068,9.212076,12.610002,13.172001,
2024-07-06 22:45:00,10.489439,12.029289,8.556737,13.074204,
2024-07-06 23:00:00,8.844216,8.940741,8.394925,13.694003,
2024-07-06 23:15:00,10.694568,9.781092,7.6725616,9.504899,
2024-07-06 23:30:00,12.173449,10.009407,9.641869,10.745078,
2024-07-06 23:45:00,9.163027,9.806945,10.054795,8.271188,
2024-07-07 00:00:00,13.452117,10.564788,15.170602,8.76306,
2024-07-07 00:15:00,11.704986,8.354663,10.832218,10.917306,
2024-07-07 00:30:00,9.1188,9.534477,15.486731,10.582566,
2024-07-07 00:45:00,14.227082,11.715173,13.065366,11.437789,
2024-07-07 01:00:00,11.607741,15.725298,15.404088,14.309838,
2024-07-07 01:15:00,11.6173525,11.498227,16.240744,17.46203,
2024-07-07 01:30:00,14.350464,14.654219,17.862408,16.875088,
2024-07-07 01:45:00,16.052683,14.611228,19.98755,12.245432,
2024-07-07 02:00:00,0.4626555,0.0,3.3989682,0.3966839,
2024-07-07 02:15:00,2.5875015,1.8591869,5.2934422,2.027884,
2024-07-07 02:30:00,3.895287,2.3095,6.66806,5.5806785,
2024-07-07 02:45:00,5.85777,5.687802,4.1043296,5.9113355,
2024-07-07 03:00:00,3.7910533,4.391699,3.3818915,7.8915806,
2024-07-07 03:15:00,6.8485036,4.6956077,2.9581919,2.9107034,
2024-07-07 03:30:00,8.027201,6.118043,5.723937,5.344823,
2024-07-07 03:45:00,6.6692724,6.0556517,7.2204456,4.173279,
2024-07-07 04:00:00,10.894646,7.937401,12.317313,4.9857497,
2024-07-07 04:15:00,10.238756,5.2063155,9.170277,7.259354,
2024-07-07 04:30:00,7.684399,7.195084,14.980344,8.318424,
2024-07-07 04:45:00,12.52221,10.940715,12.092112,8.76531,
2024-07-07 05:00:00,11.208256,14.905467,15.874116,12.987033,
2024-07-07 05:15:00,11.54535,10.797768,15.969722,16.319513,
2024-07-07 05:30:00,13.477107,15.553935,17.82353,17.453775,
2024-07-07 05:45:00,16.972918,15.566959,21.33995,11.825368,
2024-07-07 06:00:00,0.0,0.0,0.0,0.0,
2024-07-07 06:15:00,0.0,0.0,0.0,0.0,
2024-07-07 06:30:00,0.0,0.0,0.6744101,0.97498304,
2024-07-07 06:45:00,0.0,0.0,0.0,1.2961478,
2024-07-07 07:00:00,0.0,0.0,0.0,1.2612046,
2024-07-07 07:15:00,0.0,0.0,0.0,0.0,
2024-07-07 07:30:00,0.25555918,0.0,0.0,0.0,
2024-07-07 07:45:00,0.0,0.0,0.0,0.0,
2024-07-07 08:00:00,2.974753,0.0,4.262297,0.0,
2024-07-07 08:15:00,1.813565,0.0,0.36088964,0.0,
2024-07-07 08:30:00,0.0,0.0,6.8617597,0.0,
2024-07-07 08:45:00,2.9869568,1.5540707,2.3132696,0.35132477,
2024-07-07 09:00:00,0.70478445,4.8982635,6.9473076,4.0871353,
2024-07-07 09:15:00,0.0,0.0,4.6261835,7.657364,
2024-07-07 09:30:00,4.7231956,3.778993,8.70168,7.4094086,
2024-07-07 09:45:00,6.171007,3.636374,12.31317,0.0,
2024-07-07 10:00:00,0.0,0.0,0.0,0.0,
2024-07-07 10:15:00,0.0,0.0,0.0,0.0,
2024-07-07 10:30:00,0.0,0.0,0.0,0.0,
2024-07-07 10:45:00,0.0,0.0,0.0,0.0,
2024-07-07 11:00:00,0.0,0.0,0.0,0.0,
2024-07-07 11:15:00,0.0,0.0,0.0,0.0,
2024-07-07 11:30:00,0.0,0.0,0.0,0.0,
2024-07-07 11:45:00,0.0,0.0,0.0,0.0,
2024-07-07 12:00:00,1.32509,0.0,2.0896776,0.0,
2024-07-07 12:15:00,0.0,0.0,0.0,0.0,
2024-07-07 12:30:00,0.0,0.0,5.4056334,0.0,
2024-07-07 12:45:00,0.8270783,0.0,0.14509103,0.0,
2024-07-07 13:00:00,0.0,2.9157388,4.1257277,2.4583788,
2024-07-07 13:15:00,0.0,0.0,2.5788827,5.0609856,
2024-07-07 13:30:00,1.9661677,1.3250697,6.4925985,4.713684,
2024-07-07 13:45:00,3.9572906,1.5070575,10.167314,0.0,
2024-07-07 14:00:00,7.2144165,6.5586405,8.2292385,3.5996885,
2024-07-07 14:15:00,10.477563,9.230836,10.909377,8.364469,
2024-07-07 14:30:00,12.482633,10.676115,13.297988,8.505016,
2024-07-07 14:45:00,15.31895,14.358027,13.913301,11.533737,
2024-07-07 15:00:00,15.949119,13.98225,12.289582,15.69581,
2024-07-07 15:15:00,19.08553,14.497309,13.348161,14.384374,
2024-07-07 15:30:00,19.575018,18.356888,17.11656,14.5639925,
2024-07-07 15:45:00,21.244663,18.910465,20.210651,14.77471,
2024-07-07 16:00:00,25.4598,23.35268,25.957262,17.001972,
2024-07-07 16:15:00,25.808502,21.908281,23.751987,21.893307,
2024-07-07 16:30:00,23.656677,24.763313,29.726213,23.3635,
2024-07-07 16:45:00,31.20282,29.872923,29.666414,23.32601,
2024-07-07 17:00:00,31.068619,33.720547,32.263973,29.729717,
2024-07-07 17:15:00,34.93147,31.96539,34.630604,32.72406,
2024-07-07 17:30:00,31.46093,37.925957,37.77321,34.50321,
2024-07-07 17:45:00,37.354816,37.31866,39.63303,33.489784,
2024-07-07 18:00:00,23.7551,23.231794,23.28693,22.124409,
2024-07-07 18:15:00,24.352278,23.212059,24.605295,25.138073,
2024-07-07 18:30:00,25.077377,24.681515,27.38241,24.355143,
2024-07-07 18:45:00,27.683672,27.552185,25.30763,26.06184,
2024-07-07 19:00:00,26.504692,25.43047,23.200874,29.296516,
2024-07-07 19:15:00,28.399769,25.72163,25.021833,28.165028,
2024-07-07 19:30:00,29.109385,27.952446,27.348763,27.27534,
2024-07-07 19:45:00,28.776306,27.905067,27.898943,25.599398,
2024-07-07 20:00:00,31.908844,31.383194,32.313557,27.375668,
2024-07-07 20:15:00,30.50891,29.305471,29.944262,30.811459,
2024-07-07 20:30:00,29.59654,30.77205,33.41273,29.963852,
2024-07-07 20:45:00,34.966824,33.30409,33.82668,30.76727,
2024-07-07 21:00:00,35.222965,36.18725,34.042,34.23428,
2024-07-07 21:15:00,36.78639,34.9293,37.40313,36.49489,
2024-07-07 21:30:00,35.521183,37.89196,39.199257,37.387802,
2024-07-07 21:45:00,39.372963,37.41398,39.708668,36.231346,
2024-07-07 22:00:00,21.19999,19.711761,21.356565,21.317928,
2024-07-07 22:15:00,21.592323,20.34184,21.757421,23.313955,
2024-07-07 22:30:00,21.191393,21.318375,24.17135,22.14244,
2024-07-07 22:45:00,22.127499,23.14884,20.746826,24.303398,
2024-07-07 23:00:00,20.88191,19.971786,18.739014,25.495506,
2024-07-07 23:15:00,22.449244,20.964651,18.672762,23.481577,
2024-07-07 23:30:00,23.838055,22.086634,20.591465,22.096365,
2024-07-07 23:45:00,20.928312,21.269335,21.990759,20.62595,
2024-07-08 00:00:00,23.775461,22.30635,24.978054,21.87559,
2024-07-08 00:15:00,22.849981,19.628672,21.143568,23.886293,
2024-07-08 00:30:00,20.526995,21.523756,25.380177,22.844494,
2024-07-08 00:45:00,26.206356,23.823036,24.096554,22.23055,
2024-07-08 01:00:00,24.04907,26.532843,25.243624,25.335737,
2024-07-08 01:15:00,24.892303,24.01129,26.907896,27.163595,
2024-07-08 01:30:00,24.365093,25.989382,27.68675,27.112984,
2024-07-08 01:45:00,27.167086,26.160992,29.29089,23.876421,
2024-07-08 02:00:00,17.13923,16.122175,17.373604,16.993061,
2024-07-08 02:15:00,17.722551,16.532866,18.091558,19.460752,
2024-07-08 02:30:00,17.3716,17.152605,20.235924,18.431545,
2024-07-08 02:45:00,18.05984,18.857105,17.04648,20.088657,
2024-07-08 03:00:00,16.6425,16.128866,14.938919,20.962507,
2024-07-08 03:15:00,18.541758,16.730053,14.564199,19.346327,
2024-07-08 03:30:00,19.50838,17.920284,16.468687,17.828762,
2024-07-08 03:45:00,17.036665,16.829086,18.05727,16.52424,
2024-07-08 04:00:00,19.20711,18.180368,20.530296,17.369673,
2024-07-08 04:15:00,18.668045,15.402376,17.325817,19.35564,
2024-07-08 04:30:00,15.662256,17.523272,20.987658,18.461168,
2024-07-08 04:45:00,21.486017,19.451483,19.575638,17.755777,
2024-07-08 05:00:00,19.800041,21.761848,20.8047,20.8499,
2024-07-08 05:15:00,20.545218,19.46987,22.35496,22.4991,
2024-07-08 05:30:00,19.68253,21.706594,23.21068,22.913874,
2024-07-08 05:45:00,23.055124,21.471127,24.24859,19.678577,
2024-07-08 06:00:00,18.692766,17.446234,18.710596,18.663853,
2024-07-08 06:15:00,18.88295,18.128124,19.3879,20.494848,
2024-07-08 06:30:00,19.201893,18.558292,21.62133,19.251183,
2024-07-08 06:45:00,19.88912,20.336731,18.731533,21.231995,
2024-07-08 07:00:00,18.154343,18.241434,16.424208,22.706434,
2024-07-08 07:15:00,20.157743,18.442421,16.15846,21.034225,
2024-07-08 07:30:00,21.466364,19.787638,18.457306,20.089075,
2024-07-08 07:45:00,19.244362,18.449707,19.691376,18.30463,
2024-07-08 08:00:00,21.210718,20.468979,22.261618,19.318775,
2024-07-08 08:15:00,20.53905,17.19178,19.017694,21.489323,
2024-07-08 08:30:00,17.85313,19.581347,23.438265,20.437971,
2024-07-08 08:45:00,23.39455,21.991817,21.635159,20.012989,
2024-07-08 09:00:00,22.317085,24.159452,22.772549,22.894659,
2024-07-08 09:15:00,22.61134,21.9174,24.85725,24.555117,
2024-07-08 09:30:00,22.234816,23.85222,25.17145,25.041885,
2024-07-08 09:45:00,25.40249,23.879452,26.7717,21.742805,
2024-07-08 10:00:00,18.151049,17.42035,18.371088,18.411085,
2024-07-08 10:15:00,18.570532,17.729683,18.885239,20.091175,
2024-07-08 10:30:00,18.640879,17.980469,21.033344,18.72185,
2024-07-08 10:45:00,19.095022,20.245342,18.59757,20.831213,
2024-07-08 11:00:00,18.069227,17.868309,16.418173,21.939486,
2024-07-08 11:15:00,19.583319,17.823217,15.6736355,20.450443,
2024-07-08 11:30:00,21.133844,19.039227,18.145098,19.892141,
2024-07-08 11:45:00,18.90764,17.834333,19.148333,17.716036,
2024-07-08 12:00:00,20.673561,19.731028,21.37102,18.541649,
2024-07-08 12:15:00,20.08899,16.848219,18.300978,21.059021,
2024-07-08 12:30:00,17.361286,19.27827,23.02294,19.72273,
2024-07-08 12:45:00,23.15056,21.778387,20.940958,19.549578,
2024-07-08 13:00:00,21.570522,23.681303,22.186426,22.432045,
2024-07-08 13:15:00,22.373606,21.335182,24.35482,23.87569,
2024-07-08 13:30:00,21.161575,23.414171,24.481243,24.292738,
2024-07-08 13:45:00,24.794067,23.431635,26.237352,21.541088,
2024-07-08 14:00:00,26.997585,24.238466,24.563288,23.256958,
2024-07-08 14:15:00,25.234613,24.772306,25.919361,26.609226,
2024-07-08 14:30:00,26.581663,26.665014,28.637571,24.821796,
2024-07-08 14:45:00,29.179756,28.04131,27.939243,27.63629,
2024-07-08 15:00:00,28.14709,27.141354,25.470524,30.310251,
2024-07-08 15:15:00,30.37894,27.412956,26.39365,29.746302,
2024-07-08 15:30:00,30.375208,29.565727,28.875029,29.630318,
2024-07-08 15:45:00,30.384083,29.359615,29.656834,27.89025,
2024-07-08 16:00:00,32.816772,33.475124,33.143482,29.287733,
2024-07-08 16:15:00,31.844217,31.227222,30.139132,32.737545,
2024-07-08 16:30:00,31.05015,32.74425,34.53946,31.859055,
2024-07-08 16:45:00,36.63003,35.262646,34.722103,32.10934,
2024-07-08 17:00:00,37.63322,38.392612,35.894432,35.671844,
2024-07-08 17:15:00,38.025658,36.950916,38.346024,37.67363,
2024-07-08 17:30:00,37.96747,40.09539,39.88093,38.42365,
2024-07-08 17:45:00,41.60038,39.93552,41.342884,37.178196,
2024-07-08 18:00:00,33.515583,30.024496,30.508554,29.078045,
2024-07-08 18:15:00,31.281631,30.788807,31.68092,32.666676,
2024-07-08 18:30:00,32.183212,32.977715,34.28808,31.02304,
2024-07-08 18:45:00,35.04556,33.869884,33.72007,33.94256,
2024-07-08 19:00:00,34.31405,33.23655,31.831785,36.543846,
2024-07-08 19:15:00,36.75974,33.620872,32.676144,35.84445,
2024-07-08 19:30:00,36.457012,35.828598,34.94878,35.7645,
2024-07-08 19:45:00,36.321636,36.185593,35.962635,34.517086,
2024-07-08 20:00:00,38.864914,39.676666,39.359406,35.92325,
2024-07-08 20:15:00,38.04994,38.129726,36.084824,39.317062,
2024-07-08 20:30:00,37.982826,39.1381,40.03428,38.442863,
2024-07-08 20:45:00,43.56455,41.4924,41.023663,38.4076,
2024-07-08 21:00:00,44.31412,45.36503,42.12506,41.77741,
2024-07-08 21:15:00,44.649864,43.722652,44.83685,44.26168,
2024-07-08 21:30:00,45.0511,46.957233,46.399242,44.421978,
2024-07-08 21:45:00,47.721584,46.7211,47.851093,43.3894,
2024-07-08 22:00:00,27.579601,24.62033,25.58819,25.46774,
2024-07-08 22:15:00,24.937454,24.5127,26.420248,28.005384,
2024-07-08 22:30:00,25.23065,26.13373,27.732668,26.492126,
2024-07-08 22:45:00,26.345375,26.689938,25.999723,28.670132,
2024-07-08 23:00:00,24.961893,24.974068,23.628115,28.795012,
2024-07-08 23:15:00,26.95578,24.892529,23.220745,28.241209,
2024-07-08 23:30:00,27.345676,25.945103,24.708023,27.428806,
2024-07-08 23:45:00,24.99261,25.349697,26.047497,25.283754,
2024-07-09 00:00:00,26.368711,27.305796,28.1063,26.007242,
2024-07-09 00:15:00,26.027288,24.42502,23.97213,28.27567,
2024-07-09 00:30:00,24.653557,25.68258,27.397541,26.605576,
2024-07-09 00:45:00,29.397999,27.22316,26.92101,25.820948,
2024-07-09 01:00:00,28.260756,30.597647,28.009151,28.24822,
2024-07-09 01:15:00,28.155428,27.591578,29.796486,30.196346,
2024-07-09 01:30:00,28.911966,29.798155,30.30271,30.214428,
2024-07-09 01:45:00,31.19484,29.8181,31.537443,27.482779,
2024-07-09 02:00:00,22.283066,19.417374,20.692287,21.080032,
2024-07-09 02:15:00,19.452993,19.0275,21.4926,23.210615,
2024-07-09 02:30:00,19.754696,20.430758,22.48278,21.74142,
2024-07-09 02:45:00,20.044436,21.080746,20.295872,23.703642,
2024-07-09 03:00:00,18.477518,18.885223,17.993061,22.70496,
2024-07-09 03:15:00,20.382587,18.73742,16.7668,22.064999,
2024-07-09 03:30:00,20.931486,19.262983,17.793371,21.302477,
2024-07-09 03:45:00,17.392416,18.06092,19.3177,18.589481,
2024-07-09 04:00:00,18.698175,19.704683,20.755617,18.920198,
2024-07-09 04:15:00,18.61303,15.938503,16.639961,21.145,
2024-07-09 04:30:00,16.359974,18.034277,19.808603,18.94705,
2024-07-09 04:45:00,20.784815,18.916725,18.4516,18.04036,
2024-07-09 05:00:00,19.17291,21.8513,19.978403,20.333126,
2024-07-09 05:15:00,18.779818,18.563179,21.286755,21.97279,
2024-07-09 05:30:00,19.823524,20.683495,21.098581,21.866858,
2024-07-09 05:45:00,22.511576,20.468456,22.565855,18.553928,
2024-07-09 06:00:00,17.748001,15.519782,17.04645,18.10181,
2024-07-09 06:15:00,15.623977,14.814108,17.630142,19.363567,
2024-07-09 06:30:00,15.591343,16.183746,18.527388,18.471197,
2024-07-09 06:45:00,15.263726,17.26055,15.692635,20.127817,
2024-07-09 07:00:00,13.956164,14.258935,14.073698,18.34756,
2024-07-09 07:15:00,15.442644,14.449103,12.230618,17.170668,
2024-07-09 07:30:00,16.39152,14.46855,13.014031,16.732513,
2024-07-09 07:45:00,12.113025,13.294145,14.421238,13.659313,
2024-07-09 08:00:00,13.860469,13.982727,15.79587,13.764784,
2024-07-09 08:15:00,13.555189,10.354518,11.537878,16.019703,
2024-07-09 08:30:00,10.718038,12.803464,14.961941,13.604045,
2024-07-09 08:45:00,15.278687,13.340338,13.0105295,12.941896,
2024-07-09 09:00:00,12.876411,16.121788,14.695508,15.12666,
2024-07-09 09:15:00,12.778555,12.723892,15.695228,16.678228,
2024-07-09 09:30:00,13.96354,14.645233,15.479504,16.023308,
2024-07-09 09:45:00,16.40928,14.3366,17.106323,12.714476,
2024-07-09 10:00:00,14.865433,12.839287,14.2331705,13.899893,
2024-07-09 10:15:00,13.070797,12.1704035,15.363766,16.089558,
2024-07-09 10:30:00,13.672669,14.193266,16.099495,15.450716,
2024-07-09 10:45:00,14.139851,15.527203,14.826638,17.55859,
2024-07-09 11:00:00,12.99644,13.39282,13.092352,16.073301,
2024-07-09 11:15:00,15.179117,13.175219,11.665879,15.516132,
2024-07-09 11:30:00,15.780631,13.926163,12.954859,15.574038,
2024-07-09 11:45:00,13.010208,13.701587,14.39595,12.821823,
2024-07-09 12:00:00,14.898916,15.358894,16.581533,13.23913,
2024-07-09 12:15:00,14.80708,11.964543,12.633754,15.843571,
2024-07-09 12:30:00,12.126599,14.325096,16.428692,14.249757,
2024-07-09 12:45:00,17.624113,15.962599,14.996706,14.108777,
2024-07-09 13:00:00,15.388359,18.829777,17.003101,16.50487,
2024-07-09 13:15:00,16.018425,15.3971,18.108664,18.937618,
2024-07-09 13:30:00,16.839344,18.425045,18.908901,18.43819,
2024-07-09 13:45:00,19.568983,17.763405,20.436777,15.993372,
2024-07-09 14:00:00,19.919191,17.378448,18.405943,17.710567,
2024-07-09 14:15:00,17.50778,16.911758,19.62742,20.441235,
2024-07-09 14:30:00,18.153448,18.804876,20.645617,19.369408,
2024-07-09 14:45:00,19.377682,19.783585,19.657446,21.600157,
2024-07-09 15:00:00,18.13518,18.426357,17.74445,20.914988,
2024-07-09 15:15:00,20.26904,18.084494,17.09081,20.427212,
2024-07-09 15:30:00,20.409096,19.088535,18.133295,20.628899,
2024-07-09 15:45:00,18.288437,18.88567,19.401415,18.03118,
2024-07-09 16:00:00,20.224277,21.239368,21.910725,18.471687,
2024-07-09 16:15:00,19.732405,18.381638,18.011524,21.34794,
2024-07-09 16:30:00,17.963964,20.063086,21.365372,19.70543,
2024-07-09 16:45:00,23.086798,21.330801,20.788265,19.564941,
2024-07-09 17:00:00,22.023384,24.55168,22.65772,22.050768,
2024-07-09 17:15:00,22.574518,21.756186,23.83989,24.433167,
2024-07-09 17:30:00,23.136179,24.723251,24.864351,23.973755,
2024-07-09 17:45:00,26.135887,24.108706,25.932333,22.43656,
2024-07-09 18:00:00,24.09285,21.052507,21.72373,20.164371,
2024-07-09 18:15:00,21.375124,20.823359,23.241615,23.905672,
2024-07-09 18:30:00,22.344788,23.261084,24.507967,22.639915,
2024-07-09 18:45:00,24.303663,23.895285,24.117863,25.129765,
2024-07-09 19:00:00,23.216915,23.112541,21.883278,25.494099,
2024-07-09 19:15:00,26.013817,23.185005,22.338345,25.667831,
2024-07-09 19:30:00,25.730494,24.720182,23.683449,25.486633,
2024-07-09 19:45:00,24.719286,25.103046,25.450317,23.804352,
2024-07-09 20:00:00,26.74156,28.096003,28.457745,24.844357,
2024-07-09 20:15:00,26.545282,25.895555,24.410223,27.729362,
2024-07-09 20:30:00,25.32709,27.049496,27.87817,26.580692,
2024-07-09 20:45:00,30.725916,28.486183,28.453564,26.147566,
2024-07-09 21:00:00,30.746456,32.590786,29.87994,29.223404,
2024-07-09 21:15:00,31.316202,30.18651,31.487562,31.843462,
2024-07-09 21:30:00,31.758945,33.483402,33.42007,31.839512,
2024-07-09 21:45:00,34.81727,33.213562,34.113735,30.667582,
2024-07-09 22:00:00,20.674038,18.00318,19.49167,19.287914,
2024-07-09 22:15:00,18.089731,17.322226,20.435852,21.66447,
2024-07-09 22:30:00,18.379751,19.606558,20.980997,20.661472,
2024-07-09 22:45:00,18.856544,20.078926,19.451975,22.83384,
2024-07-09 23:00:00,17.232883,17.908869,17.07953,21.230728,
2024-07-09 23:15:00,19.681501,17.861423,16.28147,20.997242,
2024-07-09 23:30:00,20.136316,18.364948,17.208366,20.212368,
2024-07-09 23:45:00,16.81902,18.17639,18.730177,17.91659,
2024-07-10 00:00:00,18.424097,19.485785,20.744083,18.365145,
2024-07-10 00:15:00,18.58059,16.033066,16.09045,20.227686,
2024-07-10 00:30:00,16.018023,17.752602,19.49726,18.419802,
2024-07-10 00:45:00,21.091167,18.921076,18.528996,17.778784,
2024-07-10 01:00:00,19.078005,22.23703,19.988863,19.794508,
2024-07-10 01:15:00,18.974367,18.535374,20.952059,22.120714,
2024-07-10 01:30:00,20.348194,20.910858,21.936535,21.759377,
2024-07-10 01:45:00,22.507702,20.751251,22.903343,18.835396,
2024-07-10 02:00:00,15.034591,12.5432005,14.423443,14.645502,
2024-07-10 02:15:00,12.907316,11.921301,15.258355,16.569778,
2024-07-10 02:30:00,12.828012,14.023363,15.647112,15.679121,
2024-07-10 02:45:00,12.656514,14.636218,13.683943,17.774582,
2024-07-10 03:00:00,11.278917,11.658608,11.71626,15.261785,
2024-07-10 03:15:00,13.233979,12.083113,10.1012125,14.737993,
2024-07-10 03:30:00,14.027868,12.221171,10.776235,14.052659,
2024-07-10 03:45:00,9.9799385,11.591091,12.39091,11.606574,
2024-07-10 04:00:00,11.736487,12.169659,13.921587,11.623919,
2024-07-10 04:15:00,11.989419,8.451088,9.275628,13.591618,
2024-07-10 04:30:00,8.530547,10.792031,12.817635,11.612147,
2024-07-10 04:45:00,13.770495,11.738925,11.028392,10.679245,
2024-07-10 05:00:00,11.057635,14.672517,12.960506,12.914851,
2024-07-10 05:15:00,10.932659,10.716705,13.414366,15.019178,
2024-07-10 05:30:00,12.394642,13.010874,14.21663,14.152482,
2024-07-10 05:45:00,14.729385,12.701391,15.362872,10.893599,
2024-07-10 06:00:00,10.971357,8.65978,10.617001,11.038721,
2024-07-10 06:15:00,9.140451,8.090778,11.450512,12.848198,
2024-07-10 06:30:00,8.89345,10.131865,11.823056,12.132257,
2024-07-10 06:45:00,8.449499,10.809882,9.549124,14.142767,
2024-07-10 07:00:00,7.157002,7.1409035,7.9675894,10.9732,
2024-07-10 07:15:00,8.988966,8.130743,5.910485,10.619343,
2024-07-10 07:30:00,9.8966255,8.19303,6.37327,9.713575,
2024-07-10 07:45:00,5.688955,7.348402,8.314369,7.224828,
2024-07-10 08:00:00,7.3559623,7.3716774,9.578509,7.2006583,
2024-07-10 08:15:00,7.699956,3.7015367,4.8084393,9.217233,
2024-07-10 08:30:00,3.6126418,6.360604,8.375688,7.208705,
2024-07-10 08:45:00,9.168063,7.063268,6.3942957,6.02974,
2024-07-10 09:00:00,6.128524,9.877458,8.500589,8.551374,
2024-07-10 09:15:00,6.160815,5.8768973,8.603422,10.609492,
2024-07-10 09:30:00,7.567797,8.252933,9.658796,9.419724,
2024-07-10 09:45:00,10.076915,7.7487216,10.585753,6.081164,
2024-07-10 10:00:00,10.887702,8.598192,10.539694,10.842114,
2024-07-10 10:15:00,8.921494,7.891356,11.451854,12.63389,
2024-07-10 10:30:00,8.81732,10.219141,11.852665,12.002722,
2024-07-10 10:45:00,8.562376,10.86308,9.735538,14.156297,
2024-07-10 11:00:00,7.299234,7.2426333,8.285893,10.890484,
2024-07-10 11:15:00,9.188627,8.140905,6.2773957,10.458678,
2024-07-10 11:30:00,9.964575,8.426769,6.452768,9.8093,
2024-07-10 11:45:00,5.7807307,7.854401,8.490918,7.166788,
2024-07-10 12:00:00,7.7436905,7.7655153,9.82402,7.2116256,
2024-07-10 12:15:00,7.8990955,4.268198,5.0889983,9.508088,
2024-07-10 12:30:00,3.9788973,6.9094586,8.580876,7.553801,
2024-07-10 12:45:00,9.625008,7.523327,6.845726,6.308019,
2024-07-10 13:00:00,6.549392,10.5274315,9.070633,8.920893,
2024-07-10 13:15:00,6.88747,6.543754,9.139238,11.095792,
2024-07-10 13:30:00,8.200948,9.12693,10.413987,9.767175,
2024-07-10 13:45:00,10.812928,8.361726,11.277987,6.947622,
2024-07-10 14:00:00,13.899912,11.291444,13.036696,12.4847145,
2024-07-10 14:15:00,11.504536,10.644584,14.153539,15.066102,
2024-07-10 14:30:00,11.697878,13.171285,14.574987,14.171213,
2024-07-10 14:45:00,12.266596,13.68536,13.285441,16.62782,
2024-07-10 15:00:00,10.993009,11.011838,11.552138,14.01569,
2024-07-10 15:15:00,13.066073,11.383413,10.166614,13.806001,
2024-07-10 15:30:00,13.504063,12.215271,10.3918295,13.4219675,
2024-07-10 15:45:00,10.18021,12.043833,12.527568,10.998517,
2024-07-10 16:00:00,12.236049,12.858718,14.408527,11.225968,
2024-07-10 16:15:00,12.259592,9.610697,9.643136,13.795599,
2024-07-10 16:30:00,9.197359,11.700614,12.953071,12.046128,
2024-07-10 16:45:00,14.85992,12.598662,12.02212,10.903001,
2024-07-10 17:00:00,12.240936,16.072361,14.288647,13.660044,
2024-07-10 17:15:00,13.001551,12.28401,14.519213,16.162798,
2024-07-10 17:30:00,13.853168,15.224069,16.071138,14.9617195,
2024-07-10 17:45:00,16.60544,14.523208,16.787796,12.93385,
2024-07-10 18:00:00,18.639404,15.465527,17.096935,16.239553,
2024-07-10 18:15:00,15.375813,14.682486,18.31491,19.238949,
2024-07-10 18:30:00,15.777457,17.540812,18.468988,18.29651,
2024-07-10 18:45:00,16.64171,17.457842,17.583532,20.824865,
2024-07-10 19:00:00,15.172352,15.3919,15.463053,18.334135,
2024-07-10 19:15:00,17.690945,15.642105,14.877974,18.584162,
2024-07-10 19:30:00,17.626215,16.484423,14.840318,17.913967,
2024-07-10 19:45:00,14.723961,16.773104,16.957489,15.677333,
2024-07-10 20:00:00,16.425747,17.86117,19.13826,16.145588,
2024-07-10 20:15:00,16.63584,14.831602,14.083756,18.34269,
2024-07-10 20:30:00,14.020776,16.265093,16.914663,16.629234,
2024-07-10 20:45:00,19.478384,16.96722,16.72831,15.613675,
2024-07-10 21:00:00,17.489973,20.969255,18.70182,17.902895,
2024-07-10 21:15:00,17.978403,17.190544,18.969252,20.830467,
2024-07-10 21:30:00,19.245792,20.16285,20.944714,19.546032,
2024-07-10 21:45:00,21.488327,19.503681,21.140617,17.830282,
2024-07-10 22:00:00,19.311626,16.393913,18.29031,17.890512,
2024-07-10 22:15:00,16.204123,15.382855,19.222258,20.384655,
2024-07-10 22:30:00,16.401638,18.413736,19.375084,19.518227,
2024-07-10 22:45:00,16.712938,18.376066,17.907528,21.940113,
2024-07-10 23:00:00,15.198787,15.738247,15.476598,19.158781,
2024-07-10 23:15:00,17.764423,15.9345255,14.823137,19.298761,
2024-07-10 23:30:00,18.109505,16.436872,14.838232,18.425823,
2024-07-10 23:45:00,14.2148485,16.763224,16.880808,15.97853,
2024-07-11 00:00:00,16.184036,17.223341,18.865927,16.454533,
2024-07-11 00:15:00,16.428087,13.951226,13.265921,18.188238,
2024-07-11 00:30:00,13.203253,15.365064,16.65513,16.357347,
2024-07-11 00:45:00,18.86772,16.13265,15.861867,15.11465,
2024-07-11 01:00:00,16.189474,20.152285,17.545177,17.12951,
2024-07-11 01:15:00,16.212303,15.713317,17.974703,19.923077,
2024-07-11 01:30:00,17.839315,18.36927,19.695354,18.688381,
2024-07-11 01:45:00,19.638453,17.923725,20.107565,16.134783,
2024-07-11 02:00:00,18.428925,15.151381,16.951336,15.840038,
2024-07-11 02:15:00,15.251776,14.552696,18.03465,19.079939,
2024-07-11 02:30:00,15.724364,17.599968,18.335594,17.794863,
2024-07-11 02:45:00,16.473148,17.550661,17.80559,20.593256,
2024-07-11 03:00:00,15.213017,15.320003,14.993666,18.140688,
2024-07-11 03:15:00,17.738585,15.627144,14.523653,18.764124,
2024-07-11 03:30:00,18.050734,16.55951,14.959125,18.130556,
2024-07-11 03:45:00,15.093943,16.856653,17.202747,16.03289,
2024-07-11 04:00:00,16.952324,18.061354,19.261879,16.500414,
2024-07-11 04:15:00,17.305422,14.805257,13.9959135,18.52414,
2024-07-11 04:30:00,14.289607,16.34544,17.637758,17.055735,
2024-07-11 04:45:00,20.164299,17.596794,16.897259,15.727297,
2024-07-11 05:00:00,17.8666,21.594315,18.925962,18.274202,
2024-07-11 05:15:00,18.026012,17.373814,19.385128,21.140873,
2024-07-11 05:30:00,19.272898,20.406096,21.219967,20.085276,
2024-07-11 05:45:00,21.66276,20.049778,21.758703,17.704561,
